,,,,,,,,,,,,,,,,,
,,,,,D? li?u t? ngày: 29/01/2019 d?n ngày: 15/04/2023,,,,,,,,,,,,
,,,,,,,,,,,,,,,,,
,,,,,,,,,,,,,,,,,
,,,,,,,,,,,,,,,,,
,,,,,,,,,,,,,,,,,
Ngày,Room,Room còn l?i,,GD KH?P L?NH MUA,,,,GD KH?P L?NH BÁN,,,,Chênh l?ch Mua Bán Kh?p l?nh,,GD TH?A THU?N MUA,,,
,NÐTNN,,,,,,,,,,,,,,,,
14/04/2023,"717,300,847",72,,-,,-,,-,,-,,-,-,-,,-,
13/04/2023,"717,300,847",72,,-,,-,,-,,-,,-,-,"581,000",100,"25,286,500,000",100
12/4/2023,"717,300,847",-,,-,,-,,-,,-,,-,-,"1,695,700",100,"73,762,950,000",100
11/4/2023,"717,300,847",-,,-,,-,,-,,-,,-,-,"2,897,200",100,"127,042,220,000",100
10/4/2023,"717,300,847",-,,-,,-,,-,,-,,-,-,"5,403,900",112.89,"225,342,630,000",112.89
7/4/2023,"717,300,847",-,,-,,-,,-,,-,,-,-,"628,800",100,"26,283,840,000",100
6/4/2023,"717,300,847",-,,100,0.01,"4,000,000",0.01,-,,-,,100,"4,000,000","559,800",100,"23,791,500,000",100
5/4/2023,"717,300,847",-,,-,,-,,-,,-,,-,-,-,,-,
4/4/2023,"717,300,847",-,,-,,-,,-,,-,,-,-,-,,-,
3/4/2023,"717,300,847",-,,59,,-,,100,,"3,895,000",,-41,"-3,895,000","1,073,000",129.61,"44,207,600,000",129.61
31/03/2023,"717,300,847",-,,54,,-,,-,,-,,54,-,"1,658,900",100,"68,512,570,000",100
30/03/2023,"717,300,847",-,,"1,000",0.04,"38,800,000",0.04,-,,-,,"1,000","38,800,000","3,825,300",100,"158,251,920,000",100
29/03/2023,"717,300,847",-,,100,0.01,"3,925,000",0.01,"20,455",1.12,"795,540,000",1.12,"-20,355","-791,615,000","1,176,100",120.49,"49,160,980,000",120.49
28/03/2023,"717,300,847",-,,-,,-,,54,,-,,-54,-,"1,631,300",100,"66,306,725,000",100
27/03/2023,"717,300,847",-,,"5,000",0.2,"190,000,000",0.2,"1,000",0.04,"38,030,000",0.04,"4,000","151,970,000","705,000",100,"28,623,000,000",100
24/03/2023,"717,300,847",-,,-,,-,,100,0.01,"3,760,000",0.01,-100,"-3,760,000","1,235,400",100,"49,910,160,000",100
23/03/2023,"717,300,847",-,,-,,-,,-,,-,,-,-,"1,651,900",100,"67,067,140,000",100
22/03/2023,"717,300,847",-,,-,,-,,"5,000",0.33,"190,355,000",0.33,"-5,000","-190,355,000","1,130,000",125.56,"46,499,500,000",125.56
21/03/2023,"717,300,847",-,,-,,-,,-,,-,,-,-,"1,966,800",100,"80,147,100,000",100
20/03/2023,"717,300,847",-,,200,0.01,-,,-,,-,,200,-,"990,200",100,"41,736,930,000",100
17/03/2023,"717,300,847",-,,-,,-,,-,,-,,-,-,"418,478",100,"17,638,847,700",100
16/03/2023,"717,300,847",-,,-,,-,,-,,-,,-,-,"350,000",116.67,"14,980,000,000",116.67
15/03/2023,"717,300,847",-,,-,,-,,200,0.01,"7,920,000",0.01,-200,"-7,920,000","417,400",112.05,"17,238,620,000",112.05
14/03/2023,"717,300,847",200,,200,0.01,"7,860,000",0.01,-,,-,,200,"7,860,000","223,000",100,"9,399,450,000",100
13/03/2023,"717,300,847",-,,-,,-,,-,,-,,-,-,-,,-,
10/3/2023,"717,300,847",-,,-,,-,,-,,-,,-,-,"38,840",100,"1,662,352,000",100
9/3/2023,"717,300,847",-,,200,0.01,"7,920,000",0.01,200,0.01,"8,050,000",0.01,-,"-130,000","680,410",100,"28,679,281,500",100
8/3/2023,"717,300,847",-,,"2,000",0.1,"78,000,000",0.1,-,,-,,"2,000","78,000,000","1,220,300",101.92,"51,801,735,000",101.92
7/3/2023,"717,300,847",-,,-,,-,,-,,-,,-,-,"33,118",100,"1,395,923,700",100
6/3/2023,"717,300,847",-,,-,,-,,200,0.01,-,0.01,-200,-,-,,-,
3/3/2023,"717,300,847",-,,-,,-,,"2,000",0.11,"80,600,000",0.11,"-2,000","-80,600,000","20,600",100,"887,860,000",100
2/3/2023,"717,300,847",-,,"4,100",0.47,"167,280,000",0.48,-,,-,,"4,100","167,280,000","251,400",100,"10,144,260,000",92.44
1/3/2023,"717,300,847",-,,-,,-,,300,0.02,-,0.02,-300,-,"383,600",100,-,
28/02/2023,"717,300,847",-,,-,,-,,-,,-,,-,-,"29,000",100,"1,255,700,000",100
27/02/2023,"717,300,847",-,,-,,-,,"4,100",0.21,-,0.21,"-4,100",-,"239,500",90.89,-,
24/02/2023,"717,300,847",-,,18,,-,,200,0.01,"8,420,000",0.01,-182,"-8,420,000","1,028,100",100,"47,292,600,000",100
23/02/2023,"717,300,847",-,,-,,-,,"23,225",1.77,"984,365,000",1.77,"-23,225","-984,365,000","3,411,400",99.3,"156,924,400,000",99.32
22/02/2023,"717,300,847",-,,-,,-,,200,0.01,"8,790,000",0.01,-200,"-8,790,000","900,000",100,"42,840,000,000",100
21/02/2023,"717,300,847",-,,-,,-,,18,,-,,-18,-,-,,-,
20/02/2023,"717,300,847",-,,"1,000",0.05,-,,-,,-,,"1,000",-,"483,900",120.98,"22,380,375,000",120.98
17/02/2023,"717,300,847",-,,98,0.01,-,,-,,-,,98,-,"1,277,400",100,"59,143,620,000",100
16/02/2023,"717,300,847",-,,"4,100",0.43,"177,120,000",0.43,-,,-,,"4,100","177,120,000","2,367,300",100,"108,185,610,000",100
15/02/2023,"717,300,847",-,,-,,-,,"1,000",0.09,"43,300,000",0.09,"-1,000","-43,300,000","2,038,700",112.1,"92,658,915,000",112.1
14/02/2023,"717,300,847",-,,"5,200",0.65,"222,560,000",0.65,98,0.01,-,0.01,"5,102","222,560,000","3,136,200",100,"142,540,290,000",100
13/02/2023,"717,300,847",-,,600,0.03,"23,461,952,500",32.3,"4,100",0.24,"23,609,565,000",0.24,"-3,500","-147,612,500","1,834,500",100,"82,552,500,000",100
10/2/2023,"717,300,847",-,,"13,454",0.66,"589,600,000",0.67,-,,-,,"13,454","589,600,000","3,386,400",100,"159,330,120,000",100
9/2/2023,"717,300,847",-,,-,,-,,"5,200",0.35,-,0.35,"-5,200",-,"3,255,300",99.03,-,
8/2/2023,"717,300,847",-,,-,,-,,600,0.04,-,0.04,-600,-,"4,857,800",100,-,
7/2/2023,"717,300,847",-,,-,,-,,"13,454",0.67,-,0.67,"-13,454",-,"1,970,800",17.96,-,
6/2/2023,"717,300,847",-,,100,,-,,-,,-,,100,-,"9,079,900",104.69,-,
3/2/2023,"717,300,847",-,,"6,754,080",108.59,"325,627,704,960",109.25,"6,754,080",108.59,"325,627,704,960",108.59,-,-,"7,063,865",100,"376,504,004,500",100
2/2/2023,"717,300,847",200,,200,,"9,390,000",,-,,-,,200,"9,390,000","8,500,000",99.62,"427,550,000,000",99.65
1/2/2023,"717,300,847",-,,-,,-,,100,,"4,700,000",,-100,"-4,700,000","2,000,000",92.12,"99,500,000,000",92.65
31/01/2023,"717,300,847",-,,100,,"4,590,000",,-,,-,,100,"4,590,000","4,960,000",104.2,"245,024,000,000",104.2
30/01/2023,"717,300,847",-,,500,0.02,"22,950,000",0.02,200,0.01,"9,300,000",0.01,300,"13,650,000",-,,-,
27/01/2023,"717,300,847",-,,200,0.01,-,,-,,-,,200,-,-,,-,
19/01/2023,"717,300,847",-,,-,,-,,100,,-,,-100,-,-,,-,
18/01/2023,"717,300,847",-,,-,,-,,500,0.01,-,0.01,-500,-,-,,-,
17/01/2023,"717,300,847",-,,-,,-,,200,0.01,"8,600,000",0.01,-200,"-8,600,000",-,,-,
16/01/2023,"717,300,847",-,,-,,-,,-,,-,,-,-,-,,-,
13/01/2023,"717,300,847",-,,-,,-,,-,,-,,-,-,"42,000",100,"1,890,000,000",100
12/1/2023,"717,300,847",-,,-,,-,,-,,-,,-,-,"574,000",89.83,-,
11/1/2023,"717,300,847",-,,-,,"5,238,070,000",8.35,-,,"5,238,070,000",,-,-,"500,000",100,-,
10/1/2023,"717,300,847",-,,11,,-,,-,,-,,11,-,-,,-,
9/1/2023,"717,300,847",-,,-,,-,,-,,-,,-,-,-,,-,
6/1/2023,"717,300,847",-,,-,,-,,-,,-,,-,-,"500,000",106.38,"23,325,000,000",107.64
5/1/2023,"717,300,847",-,,-,,-,,11,,-,,-11,-,"500,000",100,"23,250,000,000",100
4/1/2023,"717,300,847",-,,-,,-,,-,,-,,-,-,-,,-,
3/1/2023,"717,300,847",-,,-,,-,,-,,-,,-,-,-,,-,
30/12/2022,"717,300,847",-,,"4,078",0.25,"171,200,000",0.24,-,,-,,"4,078","171,200,000","1,750,000",175,"80,325,000,000",175
29/12/2022,"717,300,847",-,,"1,700",0.14,"72,250,000",0.14,-,,-,,"1,700","72,250,000","300,000",100,"13,800,000,000",100
28/12/2022,"717,300,847",-,,-,,-,,-,,-,,-,-,"1,740,000",100,"81,519,000,000",100
27/12/2022,"717,300,847",-,,-,,-,,"4,078",0.18,"167,255,000",0.18,"-4,078","-167,255,000","130,400",100,"5,443,225,000",91.64
26/12/2022,"717,300,847",-,,-,,-,,"1,700",0.07,-,0.07,"-1,700",-,"6,650,000",126.67,-,
23/12/2022,"717,300,847",-,,-,,-,,-,,-,,-,-,"1,067,000",100,"53,083,250,000",100
22/12/2022,"717,300,847",-,,-,,-,,-,,-,,-,-,"683,200",92.83,-,
21/12/2022,"717,300,847",-,,20,,-,,-,,-,,20,-,"43,800",100,"2,179,050,000",100
20/12/2022,"717,300,847",-,,10,,-,,-,,-,,10,-,-,,-,
19/12/2022,"717,300,847",-,,-,,-,,20,,-,,-20,-,-,,-,
16/12/2022,"717,300,847",-,,"13,000",0.43,"607,750,000",0.43,20,,-,,"12,980","607,750,000",-,,-,
15/12/2022,"717,300,847",-,,8,,-,,10,,-,,-2,-,-,,-,
14/12/2022,"717,300,847",-,,-,,-,,-,,-,,-,-,-,,-,
13/12/2022,"717,300,847",-,,10,,-,,"13,000",0.66,"587,785,000",0.66,"-12,990","-587,785,000","789,000",100,"38,739,900,000",100
12/12/2022,"717,300,847",-,,600,0.02,"27,720,000",0.02,8,,-,,592,"27,720,000",-,,-,
9/12/2022,"717,300,847",-,,500,0.03,"23,000,000",0.03,-,,-,,500,"23,000,000",-,,-,
8/12/2022,"717,300,847",-,,-,,-,,10,,-,,-10,-,"51,200",100,-,
7/12/2022,"717,300,847",-,,-,,-,,600,0.02,"26,610,000",0.02,-600,"-26,610,000",-,,-,
6/12/2022,"717,300,847",-,,-,,-,,500,0.01,-,0.01,-500,-,"467,600",100,-,
5/12/2022,"717,300,847",-,,309,0.01,-,,-,,-,,309,-,"500,000",100,-,
2/12/2022,"717,300,847",-,,-,,-,,-,,-,,-,-,"600,000",100,"28,260,000,000",100
1/12/2022,"717,300,847",-,,"9,100",0.16,"409,500,000",0.16,-,,-,,"9,100","409,500,000",-,,-,
30/11/2022,"717,300,847",-,,-,,-,,309,0.01,"13,200,000",0.01,-309,"-13,200,000",-,,-,
29/11/2022,"717,300,847",-,,-,,-,,-,,-,,-,-,"200,000",80,"8,590,000,000",82.14
28/11/2022,"717,300,847",-,,"3,000",0.07,-,,"9,100",0.21,-,0.21,"-6,100",-,-,,-,
25/11/2022,"717,300,847",-,,-,,-,,-,,-,,-,-,"600,000",100,"24,180,000,000",100
24/11/2022,"717,300,847",-,,-,,-,,-,,-,,-,-,"6,022,000",103.44,"260,752,600,000",103.44
23/11/2022,"717,300,847",-,,-,,-,,"3,000",0.2,"121,350,000",0.2,"-3,000","-121,350,000",-,,-,
22/11/2022,"717,300,847",-,,-,,-,,-,,-,,-,-,-,,-,
21/11/2022,"717,300,847",-,,-,,-,,-,,-,,-,-,"100,000",100,"4,510,000,000",100
18/11/2022,"717,300,847",-,,-,,-,,-,,-,,-,-,"80,000",100,"3,576,000,000",100
17/11/2022,"717,300,847",-,,"1,500",0.05,"62,625,000",0.05,-,,-,,"1,500","62,625,000","343,500",100,"14,856,375,000",100
16/11/2022,"717,300,847",-,,-,,-,,-,,-,,-,-,"802,900",100,"32,477,305,000",100
15/11/2022,"717,300,847",-,,"1,800",0.06,"68,760,000",0.06,-,,-,,"1,800","68,760,000","1,344,300",100,"58,409,835,000",100
14/11/2022,"717,300,847",-,,-,,-,,"1,500",0.04,"62,775,000",0.04,"-1,500","-62,775,000","47,600",100,"2,189,600,000",100
11/11/2022,"717,300,847",-,,-,,-,,-,,-,,-,-,"80,800",100,"3,660,240,000",100
10/11/2022,"717,300,847",-,,"3,500",0.1,"157,325,000",0.1,"1,800",0.05,"78,160,000",0.05,"1,700","79,165,000",-,,-,
9/11/2022,"717,300,847",-,,-,,-,,-,,-,,-,-,-,,-,
8/11/2022,"717,300,847",-,,-,,-,,-,,-,,-,-,"36,800",100,"1,685,440,000",100
7/11/2022,"717,300,847",-,,200,,"9,200,000",,"3,500",0.07,"152,550,000",0.07,"-3,300","-143,350,000","1,040,000",92.04,"51,220,000,000",92.04
4/11/2022,"717,300,847",-,,"19,900",0.35,"946,245,000",0.35,-,,-,,"19,900","946,245,000","580,000",92.06,"30,682,000,000",92.06
3/11/2022,"717,300,847",-,,"15,500",0.6,"759,500,000",0.59,-,,-,,"15,500","759,500,000",-,,-,
2/11/2022,"717,300,847",-,,-,,-,,200,,-,,-200,-,"532,700",79.9,-,
1/11/2022,"717,300,847",-,,100,0.01,"5,200,000",0.01,"19,900",1,"996,990,000",1,"-19,800","-991,790,000",-,,-,
31/10/2022,"717,300,847",-,,"1,500",0.04,"78,600,000",0.04,"15,500",0.4,"787,400,000",0.4,"-14,000","-708,800,000","1,551,600",93.95,"88,286,040,000",94.08
28/10/2022,"717,300,847",-,,"6,700",0.37,"358,450,000",0.37,-,,-,,"6,700","358,450,000","23,000",36.51,"1,311,000,000",37.04
27/10/2022,"717,300,847",-,,-,,-,,100,,-,,-100,-,"220,800",68.83,"12,254,400,000",68.83
26/10/2022,"717,300,847",-,,-,,-,,"1,500",0.1,"77,250,000",0.1,"-1,500","-77,250,000","242,400",27.64,"13,477,440,000",28.91
25/10/2022,"717,300,847",-,,-,,-,,"6,700",0.15,"337,590,000",0.15,"-6,700","-337,590,000","20,000",7.41,"1,082,000,000",7.59
24/10/2022,"717,300,847",-,,-,,-,,-,,-,,-,-,"1,150,000",96.64,"66,930,000,000",96.64
21/10/2022,"717,300,847",-,,-,,-,,-,,-,,-,-,"3,724,100",95.39,"231,584,400,000",95.48
20/10/2022,"717,300,847",-,,-,,-,,-,,-,,-,-,"75,700",60.22,"4,776,670,000",60.91
19/10/2022,"717,300,847",-,,-,,-,,-,,-,,-,-,-,,-,
18/10/2022,"717,300,847",-,,-,,-,,-,,-,,-,-,"284,600",80.26,-,
17/10/2022,"717,300,847",-,,"12,000",0.45,"715,200,000",0.46,-,,-,,"12,000","715,200,000",-,,-,
14/10/2022,"717,300,847",-,,"19,400",0.65,-,,-,,-,,"19,400",-,"220,000",100,-,
13/10/2022,"717,300,847",-,,"16,018",1.05,"912,128,992",1.04,"32,200",2.1,"1,833,596,800",2.1,"-16,182","-921,467,808",-,,-,
12/10/2022,"717,300,847",-,,-,,-,,"12,000",0.42,"681,600,000",0.42,"-12,000","-681,600,000",-,,-,
11/10/2022,"717,300,847",-,,"8,700",0.37,"496,770,000",0.38,"19,400",0.83,"1,078,300,000",0.83,"-10,700","-581,530,000","223,800",35.31,"13,651,800,000",36.19
10/10/2022,"717,300,847",-,,-,,-,,"16,018",0.41,"888,500,000",0.41,"-16,018","-888,500,000",-,,-,
7/10/2022,"717,300,847",-,,"6,500",0.12,"367,250,000",0.12,-,,-,,"6,500","367,250,000","2,908,500",98.48,"180,327,000,000",98.48
6/10/2022,"717,300,847",-,,"1,100",0.03,"68,420,000",0.04,"8,700",0.27,"533,310,000",0.27,"-7,600","-464,890,000","1,087,600",144.51,"72,325,400,000",146.01
5/10/2022,"717,300,847",-,,"6,700",0.32,"408,700,000",0.31,-,,-,,"6,700","408,700,000","23,000",33.82,"1,466,135,000",34.45
4/10/2022,"717,300,847",-,,"8,100",0.2,"6,561,778,100",2.68,"6,500",0.16,"6,464,656,500",0.16,"1,600","97,121,600","120,000",52.17,-,
3/10/2022,"717,300,847",-,,"1,200",0.03,"75,480,000",0.03,"1,100",0.03,"67,760,000",0.03,100,"7,720,000","226,500",100,"14,685,840,000",100
30/09/2022,"717,300,847",-,,146,,"6,370,000",,"6,700",0.15,"425,320,000",0.15,"-6,554","-418,950,000","1,330,800",96.66,"88,152,192,000",96.77
29/09/2022,"717,300,847",-,,"11,600",0.46,-,,"8,100",0.32,-,0.32,"3,500",-,-,,-,
28/09/2022,"717,300,847",-,,-,,-,,"1,200",0.04,"78,460,000",0.04,"-1,200","-78,460,000","32,700",100,"2,259,995,100",100
27/09/2022,"717,300,847",-,,-,,-,,146,0.01,"6,780,000",0.01,-146,"-6,780,000","1,204,800",100,"84,719,400,000",100
26/09/2022,"717,300,847",-,,-,,-,,"11,600",0.22,"788,270,000",0.22,"-11,600","-788,270,000","109,100",100,"7,527,900,000",100
23/09/2022,"717,300,847",-,,-,,-,,-,,-,,-,-,"2,702,696",100,"196,426,272,000",100
22/09/2022,"717,300,847",-,,-,,-,,"167,800",3.94,"11,598,190,000",3.94,"-167,800","-11,598,190,000","1,297,200",100,"94,397,070,000",100
21/09/2022,"717,300,847",-,,-,,-,,-,,-,,-,-,"260,000",100,"19,500,000,000",100
20/09/2022,"717,300,847",-,,-,,-,,-,,-,,-,-,-,,-,
19/09/2022,"717,300,847",-,,800,0.02,"57,600,000",0.02,-,,-,,800,"57,600,000","550,000",81.6,"41,382,000,000",82.69
16/09/2022,"717,300,847",-,,-,,-,,-,,-,,-,-,"200,000",100,"15,420,000,000",100
15/09/2022,"717,300,847",-,,685,0.02,"44,220,000",0.02,-,,-,,685,"44,220,000","820,900",92.33,"63,246,860,700",92.62
14/09/2022,"717,300,847",-,,"10,000",0.27,"727,000,000",0.27,800,0.02,"58,320,000",0.02,"9,200","668,680,000","250,700",100,"19,397,413,500",100
13/09/2022,"717,300,847",-,,-,,-,,-,,-,,-,-,"200,300",100,-,
12/9/2022,"717,300,847",-,,-,,-,,685,0.01,"44,900,000",0.01,-685,"-44,900,000",-,,-,
9/9/2022,"717,300,847",-,,"7,100",0.25,"511,200,000",0.26,"10,000",0.36,"711,980,000",0.36,"-2,900","-200,780,000",-,,-,
8/9/2022,"717,300,847",-,,-,,-,,-,,-,,-,-,"447,800",100,-,
7/9/2022,"717,300,847",-,,-,,-,,-,,-,,-,-,"211,300",100,"16,173,958,500",100.01
6/9/2022,"717,300,847",-,,-,,-,,"7,100",0.27,"516,030,000",0.27,"-7,100","-516,030,000",-,,-,
5/9/2022,"717,300,847",-,,"7,400",0.27,"546,860,000",0.28,-,,-,,"7,400","546,860,000","53,400",100,"4,030,632,000",100
31/08/2022,"717,300,847",-,,"8,000",0.17,"580,000,000",0.17,"4,000",0.09,"291,600,000",0.09,"4,000","288,400,000","398,200",100,"30,174,505,200",100.01
30/08/2022,"717,300,847",-,,900,0.02,"67,050,000",0.02,-,,-,,900,"67,050,000","588,200",96.71,"45,510,140,000",97.06
29/08/2022,"717,300,847",-,,-,,-,,"7,400",0.1,"532,420,000",0.1,"-7,400","-532,420,000","1,685,200",100,"126,540,000,000",100
26/08/2022,"717,300,847",-,,-,,-,,"8,000",0.07,"580,000,000",0.07,"-8,000","-580,000,000",-,,-,
25/08/2022,"717,300,847",-,,"2,100",0.04,-,,900,0.02,-,0.02,"1,200",-,"148,200",100,-,
24/08/2022,"717,300,847",-,,-,,-,,-,,-,,-,-,"231,700",100,"16,489,750,000",100
23/08/2022,"717,300,847",-,,"1,000",0.02,"65,900,000",0.02,-,,-,,"1,000","65,900,000","448,700",100,"31,032,092,000",100
22/08/2022,"717,300,847",-,,-,,-,,"2,100",0.04,"138,920,000",0.04,"-2,100","-138,920,000",-,,-,
19/08/2022,"717,300,847",-,,300,0.01,"19,350,000",0.01,200,0.01,"12,920,000",0.01,100,"6,430,000","590,000",100,"39,610,000,000",100
18/08/2022,"717,300,847",-,,-,,-,,"1,000",0.02,-,0.02,"-1,000",-,"389,400",100,-,
17/08/2022,"717,300,847",46,,-,,-,,-,,-,,-,-,-,,-,
16/08/2022,"717,300,847",46,,-,,-,,300,0.01,"19,840,000",0.01,-300,"-19,840,000","411,778",100,"28,291,304,800",100
15/08/2022,"717,300,847",46,,-,,-,,200,,"12,720,000",,-200,"-12,720,000","1,177,300",100,"75,926,145,000",100
12/8/2022,"717,300,847",46,,"14,600",0.6,"918,340,000",0.6,-,,-,,"14,600","918,340,000","500,000",217.39,"32,200,000,000",218.14
11/8/2022,"717,300,847",-,,-,,-,,-,,-,,-,-,"706,900",155.98,-,
10/8/2022,"717,300,847",-,,-,,-,,-,,-,,-,-,"546,100",100,"35,078,250,000",100
9/8/2022,"717,300,847",-,,-,,-,,"100,000",3.56,"6,306,340,000",3.56,"-100,000","-6,306,340,000","726,100",100,"46,084,376,900",100.01
8/8/2022,"717,414,527",26,,"1,400",0.06,"87,780,000",0.06,"28,300",1.14,"1,772,120,000",1.14,"-26,900","-1,684,340,000","879,200",100,"55,165,650,400",100.01
5/8/2022,"717,414,527",26,,"6,600",0.24,"415,140,000",0.24,-,,-,,"6,600","415,140,000","1,180,800",100,"74,475,120,000",100
4/8/2022,"717,414,527",26,,"5,000",0.12,"311,000,000",0.11,-,,-,,"5,000","311,000,000","400,300",100,"25,155,597,200",100
3/8/2022,"717,414,527",26,,"33,200",1.25,"68,340,027,600",41.66,"1,400",0.05,"66,377,935,800",0.05,"31,800","1,962,091,800","1,074,400",100,"67,687,200,000",100
2/8/2022,"717,414,527",26,,"8,700",0.41,"537,660,000",0.41,"6,600",0.31,"410,460,000",0.31,"2,100","127,200,000","31,000",100,"1,968,500,000",100
1/8/2022,"717,414,527",26,,-,,-,,"5,000",0.15,"301,500,000",0.15,"-5,000","-301,500,000","956,400",97.95,"59,407,528,000",98.02
29/07/2022,"717,414,527",26,,"3,500",0.1,"218,400,000",0.11,"33,200",0.98,"2,030,640,000",0.98,"-29,700","-1,812,240,000","942,000",100,"59,974,000,000",100
28/07/2022,"717,414,527",26,,"12,100",0.62,"762,300,000",0.62,"8,700",0.45,"544,030,000",0.45,"3,400","218,270,000","1,302,900",176.28,"82,964,600,000",175.39
27/07/2022,"717,414,527",26,,"624,600",33.47,"37,538,460,000",32.75,-,,-,,"624,600","37,538,460,000","1,787,700",100,"112,737,300,000",100
26/07/2022,"717,414,527",26,,"349,900",19.34,"22,358,610,000",19.5,"3,500",0.19,"221,550,000",0.19,"346,400","22,137,060,000","575,600",100,"36,994,500,000",100
25/07/2022,"717,414,527",26,,"1,122,100",27.92,"72,883,360,000",28.4,"57,100",1.42,"3,617,350,000",1.42,"1,065,000","69,266,010,000","1,855,700",100,"119,294,906,800",100
22/07/2022,"717,414,527",26,,"2,252,900",41.3,"146,837,720,000",41.4,"650,100",11.92,"42,370,140,000",11.92,"1,602,800","104,467,580,000","954,400",199.5,"62,289,361,000",198.69
21/07/2022,"717,414,527","1,921,226",0.13,"987,900",19.74,"62,493,450,000",19.77,"349,900",6.99,"21,956,780,000",6.99,"638,000","40,536,670,000","889,000",274.38,"56,213,542,000",274.65
20/07/2022,"717,414,527","2,265,826",0.15,"684,000",9.27,"41,869,340,000",9.34,"1,122,100",15.21,"68,587,040,000",15.21,"-438,100","-26,717,700,000","615,300",100,"36,933,975,000",100
19/07/2022,"717,414,527","1,697,526",0.12,"676,000",31.92,"40,703,980,000",31.89,"351,700",16.61,"21,198,590,000",16.61,"324,300","19,505,390,000","311,700",130.97,"18,781,795,200",130.98
18/07/2022,"717,414,527","1,716,126",0.12,"615,900",24.24,"37,824,860,000",24.27,"643,300",25.32,"39,518,550,000",25.32,"-27,400","-1,693,690,000",-,,-,
15/07/2022,"717,414,527","2,076,126",0.14,"1,100,900",35.74,"68,278,220,000",35.7,"1,252,300",40.66,"77,861,970,000",40.66,"-151,400","-9,583,750,000",-,,-,
14/07/2022,"717,414,527","2,542,826",0.17,"1,215,700",56.95,"76,258,470,000",56.92,"657,400",30.8,"41,184,910,000",30.8,"558,300","35,073,560,000",-,,-,
13/07/2022,"717,414,527","3,557,593",0.24,"1,006,600",32.48,"63,606,770,000",32.57,"255,900",8.26,"16,213,890,000",8.26,"750,700","47,392,880,000","212,900",100,"13,416,319,300",100.01
12/7/2022,"717,414,527","3,608,693",0.25,"293,900",18.3,"18,866,480,000",18.31,"634,200",39.48,"40,672,370,000",39.48,"-340,300","-21,805,890,000",-,,-,
11/7/2022,"717,414,527","3,468,593",0.24,"515,000",37.59,"33,162,520,000",37.63,"201,000",14.67,"12,939,250,000",14.67,"314,000","20,223,270,000","370,800",100,"23,847,473,200",100.01
8/7/2022,"717,414,527","3,358,293",0.23,"1,510,600",58.4,"98,610,650,000",58.41,"955,500",36.94,"62,300,510,000",36.94,"555,100","36,310,140,000",-,,-,
7/7/2022,"717,414,527","3,385,893",0.23,"521,400",32.79,"33,441,000,000",32.8,"434,000",27.3,"27,805,580,000",27.3,"87,400","5,635,420,000",-,,-,
6/7/2022,"717,414,527","1,773,093",0.12,"383,700",16,"25,172,850,000",16.04,"643,300",26.83,"42,255,900,000",26.83,"-259,600","-17,083,050,000","192,800",121.79,"12,522,798,300",121.82
5/7/2022,"358,805,667","849,950",0.06,"1,206,000",30.28,"80,134,740,000",30.48,"1,483,000",37.23,"98,085,310,000",37.23,"-277,000","-17,950,570,000",-,,-,
4/7/2022,"358,805,667","721,550",0.05,"953,700",18.41,"65,395,150,000",18.47,"2,134,200",41.19,"145,900,960,000",41.19,"-1,180,500","-80,505,810,000",-,,-,
1/7/2022,"358,805,667","445,850",0.03,"870,600",26.5,"61,278,170,000",26.63,"1,286,800",39.17,"90,014,730,000",39.17,"-416,200","-28,736,560,000",-,,-,
30/06/2022,"358,805,667",50,,"690,000",28.74,"49,816,740,000",28.88,"1,334,400",55.57,"95,923,890,000",55.57,"-644,400","-46,107,150,000","312,100",100,"22,423,136,600",100.01
29/06/2022,"358,805,667",50,,"928,800",29.45,"67,854,820,000",29.65,"1,229,400",38.98,"89,043,920,000",38.98,"-300,600","-21,189,100,000","907,000",100,"65,981,720,000",100
28/06/2022,"358,805,667",50,,"317,300",7.7,"22,782,460,000",7.7,"1,316,400",31.94,"94,449,610,000",31.94,"-999,100","-71,667,150,000","667,400",100,"48,352,800,000",100
27/06/2022,"358,805,667",50,,"1,520,400",48.11,"109,241,340,000",48.19,"690,000",21.83,"49,602,280,000",21.83,"830,400","59,639,060,000",-,,-,
24/06/2022,"358,805,667",50,,"1,039,400",38.26,"76,395,900,000",38.7,"1,428,800",52.6,"104,413,320,000",52.6,"-389,400","-28,017,420,000","800,000",100,"57,920,200,000",100
23/06/2022,"358,805,667",50,,"2,576,000",52.49,"183,522,380,000",52.45,"917,300",18.69,"65,695,070,000",18.69,"1,658,700","117,827,310,000",-,,-,
22/06/2022,"358,805,667",50,,"827,900",21.7,"62,589,240,000",22.54,"1,520,400",39.84,"110,161,620,000",39.84,"-692,500","-47,572,380,000","851,400",100,"62,660,140,000",100
21/06/2022,"358,805,667",50,,"610,700",18.13,"45,802,500,000",18.33,"1,039,400",30.86,"77,358,870,000",30.86,"-428,700","-31,556,370,000","185,000",100,"13,741,700,000",100.01
20/06/2022,"358,805,667",50,,"21,900",0.49,"1,708,200,000",0.51,"2,576,000",57.46,"193,653,160,000",57.46,"-2,554,100","-191,944,960,000","321,500",100,"24,207,950,000",100
17/06/2022,"358,805,667",-,,"176,400",5.04,"13,935,600,000",5.11,"827,900",23.65,"64,510,920,000",23.65,"-651,500","-50,575,320,000","1,645,100",113.84,"128,670,565,000",113.77
16/06/2022,"358,805,667",-,,"18,500",0.31,"1,461,500,000",0.31,"610,700",10.11,"48,078,290,000",10.11,"-592,200","-46,616,790,000","676,500",100,"53,443,500,000",100
15/06/2022,"358,805,667",-,,-,,-,,"22,000",0.86,"3,181,650,000",0.86,"-22,000","-3,181,650,000","1,010,500",102.02,"150,536,280,000",102.02
14/06/2022,"358,805,667",-,,"7,800",0.49,"1,080,300,000",0.48,"176,400",10.98,"25,009,540,000",10.98,"-168,600","-23,929,240,000","1,180,100",100,"170,665,050,000",100
13/06/2022,"358,805,667",-,,-,,-,,"18,500",0.57,"2,691,500,000",0.57,"-18,500","-2,691,500,000","900,500",100,"134,862,000,000",100
10/6/2022,"358,805,667",-,,"178,000",9.17,"27,412,000,000",9.27,"139,400",7.18,"21,222,970,000",7.18,"38,600","6,189,030,000","101,700",100,"16,068,600,000",100
9/6/2022,"358,805,667",-,,"10,000",0.88,"1,534,000,000",0.89,"30,300",2.68,"4,635,120,000",2.68,"-20,300","-3,101,120,000","209,100",100,"32,944,990,000",100
8/6/2022,"358,805,667",-,,-,,-,,"234,700",11.3,-,11.3,"-234,700",-,"179,400",100,"28,271,646,000",100
7/6/2022,"358,805,667",-,,-,,-,,"178,000",9.65,"26,984,280,000",9.65,"-178,000","-26,984,280,000",-,,-,
6/6/2022,"358,805,667",-,,-,,-,,"10,000",0.53,-,0.53,"-10,000",-,"429,340",100,"65,272,630,000",100
3/6/2022,"358,805,667",-,,-,,-,,-,,-,,-,-,"171,000",100,"26,505,000,000",100
2/6/2022,"358,805,667",-,,-,,-,,-,,-,,-,-,"252,300",100,"37,237,880,000",100
1/6/2022,"358,805,667",-,,-,,-,,-,,-,,-,-,"28,700",100,"4,448,500,000",100
31/05/2022,"358,805,667",-,,-,,-,,-,,-,,-,-,"518,700",100,"80,554,110,000",100
30/05/2022,"358,805,667",-,,-,,-,,-,,-,,-,-,"351,600",100,"55,166,040,000",100
27/05/2022,"358,805,667",-,,-,,-,,-,,-,,-,-,-,,-,
26/05/2022,"358,805,667",-,,-,,-,,-,,-,,-,-,"490,500",100,"72,937,350,000",100
25/05/2022,"358,805,667",-,,-,,-,,-,,-,,-,-,-,,-,
24/05/2022,"358,805,667",-,,-,,-,,-,,-,,-,-,-,,-,
23/05/2022,"358,805,667",-,,-,,-,,-,,-,,-,-,"595,100",100,"85,277,830,000",100
20/05/2022,"358,805,667",-,,-,,-,,-,,-,,-,-,"76,100",100,"10,829,030,000",100
19/05/2022,"358,805,667",-,,-,,-,,-,,-,,-,-,-,,-,
18/05/2022,"358,805,667",-,,-,,-,,-,,-,,-,-,-,,-,
17/05/2022,"358,805,667",-,,"1,000",0.09,"124,900,000",0.09,-,,-,,"1,000","124,900,000",-,,-,
16/05/2022,"358,805,667",-,,"1,000",0.07,-,,-,,-,,"1,000",-,"29,700",100,"3,973,860,000",100
13/05/2022,"358,805,667",-,,-,,-,,-,,-,,-,-,"849,700",100,"122,186,860,000",100
12/5/2022,"358,805,667",-,,"2,500",0.15,"349,750,000",0.15,"1,000",0.06,"137,500,000",0.06,"1,500","212,250,000","128,300",100,"19,347,640,000",100
11/5/2022,"358,805,667",-,,-,,-,,"1,000",0.09,"138,170,000",0.09,"-1,000","-138,170,000","195,400",49.42,"29,290,460,000",51.11
10/5/2022,"358,805,667",-,,-,,-,,"5,000",0.27,"668,000,000",0.27,"-5,000","-668,000,000","355,000",44.1,"51,794,500,000",47.54
9/5/2022,"358,805,667",-,,400,0.01,"57,680,000",0.02,"2,500",0.09,"349,310,000",0.09,"-2,100","-291,630,000","301,100",100,"46,972,720,000",100
6/5/2022,"358,805,667",-,,"2,400",0.22,"351,600,000",0.22,-,,-,,"2,400","351,600,000","271,200",93.13,"43,337,760,000",93.53
5/5/2022,"358,805,667",-,,-,,-,,-,,-,,-,-,"550,200","1,096.02","87,976,980,000","1,096.02"
4/5/2022,"358,805,667",-,,-,,-,,400,0.03,"60,320,000",0.03,-400,"-60,320,000","114,700",100,"18,306,120,000",100
29/04/2022,"358,805,667",-,,-,,-,,"2,400",0.14,"356,400,000",0.14,"-2,400","-356,400,000","1,177,500",100,"182,630,250,000",100
28/04/2022,"358,805,667",-,,-,,-,,-,,-,,-,-,"705,500",100,"111,116,250,000",100
27/04/2022,"358,805,667",-,,-,,-,,-,,-,,-,-,"520,700",76.49,"82,895,440,000",78.85
26/04/2022,"358,805,667",-,,-,,-,,"40,000",1.47,"5,818,850,000",1.47,"-40,000","-5,818,850,000","889,000",77.25,"137,795,000,000",79.59
25/04/2022,"358,805,667",-,,-,,-,,-,,-,,-,-,"320,000",69.65,"49,834,000,000",69.64
22/04/2022,"358,805,667",-,,-,,-,,-,,-,,-,-,"590,000",100,"98,117,000,000",100
21/04/2022,"358,805,667",-,,-,,-,,-,,-,,-,-,-,,-,
20/04/2022,"358,805,667",-,,-,,-,,-,,-,,-,-,"300,000",100,"50,070,000,000",100
19/04/2022,"358,805,667",-,,-,,-,,-,,-,,-,-,"796,200",100,"136,468,680,000",100
18/04/2022,"358,805,667",-,,-,,-,,"3,800",0.15,"612,110,000",0.15,"-3,800","-612,110,000","316,900",100,"54,316,660,000",100
15/04/2022,"358,805,667",-,,-,,-,,-,,-,,-,-,"620,000",100,"105,772,000,000",100
